fund_house,scheme_type,scheme_category,scheme_code,scheme_name,scheme_start_date
360 ONE Mutual Fund,Open Ended Schemes,Equity Scheme - Flexi Cap Fund,151796,360 ONE FLEXICAP FUND-DIRECT PLAN- GROWTH,"{'date': '06-07-2023', 'nav': '10.04820'}"
360 ONE Mutual Fund,Open Ended Schemes,Equity Scheme - Flexi Cap Fund,151798,360 ONE FLEXICAP FUND-DIRECT PLAN- IDCW,"{'date': '06-07-2023', 'nav': '10.04820'}"
360 ONE Mutual Fund,Open Ended Schemes,Equity Scheme - Flexi Cap Fund,151799,360 ONE FLEXICAP FUND-REGULAR PLAN- GROWTH,"{'date': '06-07-2023', 'nav': '10.04540'}"
360 ONE Mutual Fund,Open Ended Schemes,Equity Scheme - Flexi Cap Fund,151797,360 ONE FLEXICAP FUND-REGULAR PLAN- IDCW,"{'date': '06-07-2023', 'nav': '10.04540'}"
Canara Robeco Mutual Fund,Open Ended Schemes,Equity Scheme - Flexi Cap Fund,118275,CANARA ROBECO FLEXICAP FUND - DIRECT PLAN - GROWTH OPTION,"{'date': '02-01-2013', 'nav': '64.39000'}"
Canara Robeco Mutual Fund,Open Ended Schemes,Equity Scheme - Flexi Cap Fund,118276,CANARA ROBECO FLEXICAP FUND - DIRECT PLAN - IDCW (Payout/Reinvestment),"{'date': '02-01-2013', 'nav': '28.06000'}"
Canara Robeco Mutual Fund,Open Ended Schemes,Equity Scheme - Flexi Cap Fund,101922,CANARA ROBECO FLEXICAP FUND - REGULAR PLAN - GROWTH OPTION,"{'date': '03-04-2006', 'nav': '30.13000'}"
Canara Robeco Mutual Fund,Open Ended Schemes,Equity Scheme - Flexi Cap Fund,101923,CANARA ROBECO FLEXICAP FUND - REGULAR PLAN - IDCW (Payout/Reinvestment),"{'date': '03-04-2006', 'nav': '21.12000'}"
ICICI Prudential Mutual Fund,Open Ended Schemes,Equity Scheme - Flexi Cap Fund,148990,ICICI Prudential Flexicap Fund - Direct Plan - Growth,"{'date': '19-07-2021', 'nav': '10.00000'}"
ICICI Prudential Mutual Fund,Open Ended Schemes,Equity Scheme - Flexi Cap Fund,148991,ICICI Prudential Flexicap Fund - Direct Plan - IDCW,"{'date': '19-07-2021', 'nav': '10.00000'}"
ICICI Prudential Mutual Fund,Open Ended Schemes,Equity Scheme - Flexi Cap Fund,148989,ICICI Prudential Flexicap Fund - Growth,"{'date': '19-07-2021', 'nav': '10.00000'}"
ICICI Prudential Mutual Fund,Open Ended Schemes,Equity Scheme - Flexi Cap Fund,148988,ICICI Prudential Flexicap Fund - IDCW,"{'date': '19-07-2021', 'nav': '10.00000'}"
JM Financial Mutual Fund,Open Ended Schemes,Equity Scheme - Flexi Cap Fund,120492,JM Flexicap Fund (Direct) - Growth Option,"{'date': '02-01-2013', 'nav': '13.87750'}"
JM Financial Mutual Fund,Open Ended Schemes,Equity Scheme - Flexi Cap Fund,120491,JM Flexicap Fund (Direct) - IDCW,"{'date': '02-01-2013', 'nav': '12.90680'}"
JM Financial Mutual Fund,Open Ended Schemes,Equity Scheme - Flexi Cap Fund,109522,JM Flexicap Fund (Regular) - Growth option,"{'date': '25-09-2008', 'nav': '9.89990'}"
JM Financial Mutual Fund,Open Ended Schemes,Equity Scheme - Flexi Cap Fund,109523,JM Flexicap Fund (Regular) - IDCW,"{'date': '25-09-2008', 'nav': '9.89990'}"
Kotak Mahindra Mutual Fund,Open Ended Schemes,Equity Scheme - Flexi Cap Fund,112090,Kotak Flexicap Fund - Growth,"{'date': '17-09-2009', 'nav': '10.15700'}"
Kotak Mahindra Mutual Fund,Open Ended Schemes,Equity Scheme - Flexi Cap Fund,120166,Kotak Flexicap Fund - Growth - Direct,"{'date': '04-01-2013', 'nav': '13.48800'}"
Kotak Mahindra Mutual Fund,Open Ended Schemes,Equity Scheme - Flexi Cap Fund,112089,Kotak Flexicap Fund - Payout of Income Distribution cum capital withdrawal option,"{'date': '17-09-2009', 'nav': '10.15700'}"
Kotak Mahindra Mutual Fund,Open Ended Schemes,Equity Scheme - Flexi Cap Fund,120165,Kotak Flexicap Fund - Payout of Income Distribution cum capital withdrawal option- Direct,"{'date': '17-01-2013', 'nav': '12.11200'}"
SBI Mutual Fund,Open Ended Schemes,Equity Scheme - Flexi Cap Fund,119718,SBI Flexicap Fund - DIRECT PLAN - Growth Option,"{'date': '07-01-2013', 'nav': '18.99000'}"
SBI Mutual Fund,Open Ended Schemes,Equity Scheme - Flexi Cap Fund,119717,SBI Flexicap Fund - Direct Plan - Income Distribution cum Capital Withdrawal Option (IDCW),"{'date': '08-01-2013', 'nav': '14.46000'}"
SBI Mutual Fund,Open Ended Schemes,Equity Scheme - Flexi Cap Fund,103216,SBI Flexicap Fund - Regular Plan - Income Distribution cum Capital Withdrawal Option (IDCW),"{'date': '03-04-2006', 'nav': '14.32000'}"
SBI Mutual Fund,Open Ended Schemes,Equity Scheme - Flexi Cap Fund,103215,SBI Flexicap Fund - REGULAR PLAN -Growth Option,"{'date': '03-04-2006', 'nav': '14.32000'}"
Sundaram Mutual Fund,Open Ended Schemes,Equity Scheme - Flexi Cap Fund,150571,Sundaram Flexicap Fund Direct Growth,"{'date': '07-09-2022', 'nav': '10.01290'}"
Sundaram Mutual Fund,Open Ended Schemes,Equity Scheme - Flexi Cap Fund,150573,Sundaram Flexicap Fund Direct Plan IDCW Payout,"{'date': '07-09-2022', 'nav': '10.01290'}"
Sundaram Mutual Fund,Open Ended Schemes,Equity Scheme - Flexi Cap Fund,150572,Sundaram Flexicap Fund Direct Plan IDCW Reinvestment,"{'date': '07-09-2022', 'nav': '10.01290'}"
Sundaram Mutual Fund,Open Ended Schemes,Equity Scheme - Flexi Cap Fund,150568,Sundaram Flexicap Fund Regular Growth,"{'date': '07-09-2022', 'nav': '10.01190'}"
Sundaram Mutual Fund,Open Ended Schemes,Equity Scheme - Flexi Cap Fund,150569,Sundaram Flexicap Fund Regular Plan IDCW Payout,"{'date': '07-09-2022', 'nav': '10.01190'}"
Sundaram Mutual Fund,Open Ended Schemes,Equity Scheme - Flexi Cap Fund,150570,Sundaram Flexicap Fund Regular Plan IDCW Reinvestment,"{'date': '07-09-2022', 'nav': '10.01190'}"
